"","disk_position","sources","Record_1_Nb_peaks","Record_1_Peak_intensity_max_peak_1","Record_1_Frequency_factor_peak_1","Record_1_Peak_intensity_integrated_peak_1","Record_1_Peak_intensity_integrated_relative_peak_1","Record_1_Peak_temperature_peak_1","Record_1_Peak_intensity_peak_1","Record_1_Nb_components","Record_1_Cross_section_component_1","Record_1_Cross_section_component_2","Record_1_Cross_section_relative_component_1","Record_1_Cross_section_relative_component_2","Record_1_Intensity_component_1","Record_1_Intensity_component_2","Record_1_Sensitivity_component_1","Record_1_Sensitivity_component_2","Record_2_Nb_components","Record_2_Cross_section_component_1","Record_2_Cross_section_component_2","Record_2_Cross_section_component_3","Record_2_Cross_section_relative_component_1","Record_2_Cross_section_relative_component_2","Record_2_Cross_section_relative_component_3","Record_2_Intensity_component_1","Record_2_Intensity_component_2","Record_2_Intensity_component_3","Record_2_Sensitivity_component_1","Record_2_Sensitivity_component_2","Record_2_Sensitivity_component_3","Record_3_Nb_peaks","Record_3_Peak_intensity_max_peak_1","Record_3_Peak_intensity_max_peak_2","Record_3_Peak_intensity_integrated_peak_1","Record_3_Peak_intensity_integrated_peak_2","Record_3_Peak_intensity_integrated_relative_peak_1","Record_3_Peak_intensity_integrated_relative_peak_2","Record_3_Peak_temperature_peak_1","Record_3_Peak_temperature_peak_2","Record_3_Peak_intensity_peak_1","Record_3_Peak_intensity_peak_2","Record_4_Nb_peaks","Record_4_Peak_intensity_max_peak_1","Record_4_Peak_intensity_max_peak_2","Record_4_Peak_intensity_max_peak_3","Record_4_Peak_intensity_max_peak_4","Record_4_Peak_intensity_max_peak_5","Record_4_Peak_intensity_integrated_peak_1","Record_4_Peak_intensity_integrated_peak_2","Record_4_Peak_intensity_integrated_peak_3","Record_4_Peak_intensity_integrated_peak_4","Record_4_Peak_intensity_integrated_peak_5","Record_4_Peak_intensity_integrated_relative_peak_1","Record_4_Peak_intensity_integrated_relative_peak_2","Record_4_Peak_intensity_integrated_relative_peak_3","Record_4_Peak_intensity_integrated_relative_peak_4","Record_4_Peak_intensity_integrated_relative_peak_5","Record_4_Peak_temperature_peak_1","Record_4_Peak_temperature_peak_2","Record_4_Peak_temperature_peak_3","Record_4_Peak_temperature_peak_4","Record_4_Peak_temperature_peak_5","Record_4_Peak_intensity_peak_1","Record_4_Peak_intensity_peak_2","Record_4_Peak_intensity_peak_3","Record_4_Peak_intensity_peak_4","Record_4_Peak_intensity_peak_5","Record_1_Cross_section_component_3","Record_1_Cross_section_relative_component_3","Record_1_Intensity_component_3","Record_1_Sensitivity_component_3","Record_4_Peak_intensity_max_peak_6","Record_4_Peak_intensity_integrated_peak_6","Record_4_Peak_intensity_integrated_relative_peak_6","Record_4_Peak_temperature_peak_6","Record_4_Peak_intensity_peak_6","Record_1_Peak_intensity_max_peak_2","Record_1_Frequency_factor_peak_2","Record_1_Peak_intensity_integrated_peak_2","Record_1_Peak_intensity_integrated_relative_peak_2","Record_1_Peak_temperature_peak_2","Record_1_Peak_intensity_peak_2","Record_2_Nb_peaks","Record_2_Peak_intensity_max_peak_1","Record_2_Peak_intensity_integrated_peak_1","Record_2_Peak_intensity_integrated_relative_peak_1","Record_2_Peak_temperature_peak_1","Record_2_Peak_intensity_peak_1","Record_5_Nb_peaks","Record_5_Peak_intensity_max_peak_1","Record_5_Peak_intensity_integrated_peak_1","Record_5_Peak_intensity_integrated_relative_peak_1","Record_5_Peak_temperature_peak_1","Record_5_Peak_intensity_peak_1","Record_3_Peak_intensity_max_peak_3","Record_3_Peak_intensity_integrated_peak_3","Record_3_Peak_intensity_integrated_relative_peak_3","Record_3_Peak_temperature_peak_3","Record_3_Peak_intensity_peak_3"
"Record_1...1",1,"Mixed",1,1062.96291838667,454975.14724478,127846.175734697,1,564.15,1090.6026053743,2,3.53220078234313e-17,3.61529673838222e-19,1,0.0102,1392.26497275547,13279.7936616502,27.8452994551095,265.595873233004,3,6.34102525311092e-17,1.14306178669379e-17,6.34560751765869e-20,1,0.1803,0.001,3319.17876427275,689.718141746134,150968.893542594,66.383575285455,13.7943628349227,3019.37787085188,2,107.356734310272,157.698681669852,3796.78834900054,25681.7663478816,1,6.76407636855554,521.15,574.15,212.969911354775,169.776450924465,5,924.62336209882,59338.1008675101,627.34515127521,163.222931408776,260.902848140293,19906.5040631378,1674182.25976402,49968.897213894,5334.26167859701,47270.0200864866,1,84.1022740333505,2.51017943961466,0.267965769462998,2.37460178525368,287.15,347.15,385.15,456.15,518.15,990.445119190885,59390.2355111835,535.906308824728,346.707654021696,347.000449150434,0,0,0,0,0,0,0,0,0,0,0,0,0,0,0,0,0,0,0,0,0,0,0,0,0,0,0,0,0,0,0,0
"Record_1...2",2,"Mixed",1,491.725688506537,103814646.658072,42212.4653134258,1,559.15,538.704798708854,3,7.2175348986739e-17,9.21468782104012e-18,1,0.1277,288.135130177714,116.514260171738,5.76270260355428,2.33028520343477,3,7.21480037167628e-17,9.65967450051126e-18,7.84403669052041e-20,1,0.1339,0.0011,3000.55210975094,566.623233760554,96790.3407416757,60.0110421950187,11.3324646752111,1935.80681483351,2,85.1661569074072,47.2601070104586,8125.07111446895,9733.82152800963,1,1.19799831790713,519.15,675.15,165.758849889219,28.1146833071285,6,781.920484871963,48849.6349811249,515.338166824514,166.754113941515,116.732477724466,17131.5268964214,1373255.5997282,41921.8707237742,6711.51689808114,5573.53785395367,1,80.1595565900817,2.44705979666828,0.391764081430658,0.325338067508619,288.15,347.15,393.15,444.15,520.15,854.810749130449,48869.7713288967,494.362347320479,209.29728745351,226.764955317886,1.54380291100151e-19,0.0021,4130.44932998507,82.6089865997015,124.069287527685,19998.9906819903,1.16737934703111,650.15,43.5274763272409,0,0,0,0,0,0,0,0,0,0,0,0,0,0,0,0,0,0,0,0,0,0,0
"Record_1...3",3,"Mixed",1,539.841213416266,8086721.54907282,55615.243488815,1,534.15,530.657814905033,3,7.39563206057372e-17,3.43160881536568e-17,1,0.464,9202.51628308422,3762.5216460247,184.050325661684,75.250432920494,2,6.70977568113336e-17,1.09816194751138e-19,0,1,0.0016,0,14452.7660499033,80905.0828746669,0,289.055320998066,1618.10165749334,0,2,43.279058332433,137.100917882517,1983.61680484454,17046.1660446599,1,8.59347733041407,281.15,518.15,29.2631812767664,197.349331612181,5,1012.48228524606,63981.0921241327,830.990388494124,243.784587036769,64.2955614083911,21150.1825013385,1799218.26446739,81115.1602245684,30619.4987814332,6065.60475220582,1,85.0686874382067,3.83519906835012,1.44771794661798,0.286787348138578,288.15,347.15,385.15,520.15,633.15,1131.81380449088,64215.1441364519,632.368370134192,314.910171842611,94.3307757775074,2.62142507146709e-19,0.0035,10598.0210116417,211.960420232835,0,0,0,0,0,0,0,0,0,0,0,0,0,0,0,0,0,0,0,0,0,0,0,0,0,0,0,0
"Record_1...4",4,"Mixed",1,730.854624153572,2432873.31984439,80502.1380627991,1,566.15,778.447264580164,3,6.06509097318769e-17,9.38015652102069e-18,1,0.1547,2450.74038524187,654.038939502604,49.0148077048374,13.0807787900521,3,7.28349048768663e-17,2.79529998392994e-17,6.4331241261521e-20,1,0.3838,9e-04,9170.71097115291,2222.21333897768,156964.604730189,183.414219423058,44.4442667795535,3139.29209460378,2,18.8031735468439,154.264946267885,1714.81738450735,24871.2558244704,1,14.5037343621377,289.15,523.15,20.365375347014,213.873899337168,5,1141.62369420394,65717.6020998305,870.51888482198,713.691209928366,253.115664200142,28486.1344422419,1888124.76442777,46914.1761493015,29852.0124124183,43866.3312591811,1,66.282238759215,1.64691268464046,1.04794887045646,1.53991870494482,286.15,349.15,394.15,462.15,523.15,1189.31132662971,65427.8939729128,882.933688799427,887.261381149853,298.086953848138,1.74909480822811e-19,0.0029,15295.7754324725,305.91550864945,0,0,0,0,0,0,0,0,0,0,0,0,0,0,0,0,0,0,0,0,0,0,0,0,0,0,0,0
"Record_1...5",5,"Mixed",1,904.964687356564,58199390.6693191,86939.0794283186,1,556.15,976.787077078354,1,3.96472463971031e-19,0,1,0,3935.75165291066,0,78.7150330582133,0,3,7.61725467184908e-17,6.96143180428138e-18,7.18818820407758e-20,1,0.0914,9e-04,1837.58500626375,497.607528934253,126151.217099671,36.7517001252751,9.95215057868506,2523.02434199342,2,80.0739937567887,142.059889544112,2768.79332799072,22481.4445363122,1,8.11958202479011,523.15,570.15,180.376535361989,160.079482219679,5,892.20481279158,54009.4937648828,560.950395339497,148.29156095814,216.880105939585,19867.0214335711,1517745.53521631,37280.6436182053,6543.32486813167,36411.3422507999,1,76.3952231234644,1.87650895444291,0.32935610856466,1.83275295557252,286.15,347.15,383.15,453.15,519.15,966.784388718221,53804.6782724825,500.807789968231,233.276820398775,259.349658201081,0,0,0,0,0,0,0,0,0,0,0,0,0,0,0,0,0,0,0,0,0,0,0,0,0,0,0,0,0,0,0,0
"Record_1...6",6,"Mixed",1,865.83875178274,4558528.21382653,92423.8368941159,1,559.15,891.004026337275,3,4.74142181639353e-17,7.68526141027917e-18,1,0.1621,1342.49065313965,955.679631603511,26.849813062793,19.1135926320702,3,7.95112230949903e-17,2.81312312400279e-17,9.91029068859693e-20,1,0.3538,0.0012,8743.39862839814,2401.78658895287,111600.413061045,174.867972567963,48.0357317790575,2232.00826122091,1,168.348187408694,0,26070.3797930924,0,1,0,523.15,0,193.124428436519,0,5,900.980747681133,52517.9933720694,1034.96830946482,383.558242508469,192.691242824051,20491.636261216,1484668.69552365,62123.3439815814,21354.2772714261,13514.8096893897,1,72.4524228615967,3.03164389557122,1.04209722440969,0.659528088294678,287.15,347.15,392.15,443.15,522.15,970.013183421565,52385.9227095827,1028.36228939123,381.490001333956,311.032353881002,1.86349364482584e-19,0.0039,9170.8410086069,183.416820172138,0,0,0,0,0,0,0,0,0,0,0,0,0,0,0,0,0,0,0,0,0,0,0,0,0,0,0,0
"Record_1...7",7,"Mixed",1,718.597211934956,3459613.01129085,78468.3676974863,1,568.15,745.691643020765,3,5.51764975629782e-17,6.91775160378242e-18,1,0.1254,1973.81433411182,914.365635511425,39.4762866822364,18.2873127102285,3,6.5585553089911e-17,2.23699909921272e-17,1.14824776855508e-19,1,0.3411,0.0018,17356.8106850846,4203.18965758338,73493.8041960962,347.136213701693,84.0637931516675,1469.87608392192,2,75.0124050686594,122.722240248242,2379.79851266268,20970.8062679778,1,8.81200914967977,523.15,577.15,170.553257258923,143.244941833006,5,1132.53082074549,64812.138507205,936.070213348302,1024.95751929803,267.835449687502,30520.2678038893,1860653.34777015,52661.035705268,44685.4746635166,38270.6223846185,1,60.9645157678807,1.72544474523114,1.46412459257065,1.25394123768932,288.15,348.15,393.15,456.15,526.15,1215.77846819979,64606.0618210822,930.587035776941,1067.91221792786,270.267162759537,3.06221234381636e-19,0.0055,6275.61208804387,125.512241760877,0,0,0,0,0,0,0,0,0,0,0,0,0,0,0,0,0,0,0,0,0,0,0,0,0,0,0,0
"Record_1...8",8,"Mixed",1,1020.28292743558,32738902.374652,100830.547534676,1,562.15,1092.34358853971,3,5.55751971235987e-17,8.86310294247317e-18,1,0.1595,4915.6472059647,961.860703964609,98.3129441192939,19.2372140792922,3,7.1564280927701e-17,2.38905592661842e-17,9.27093239058602e-20,1,0.3338,0.0013,17680.5891244704,3343.42994861134,134141.397588609,353.611782489407,66.8685989722268,2682.82795177218,2,121.238951246873,194.960542826755,4323.58117245527,29034.4972820243,1,6.715381560776,527.15,574.15,252.494895890577,206.938675210084,6,2062.01140804653,114174.614422479,1496.99513238803,399.454463032212,334.153366419391,61982.9492290815,3272473.52018442,79613.3903370829,16449.7648380884,37056.5087712375,1,52.7963506236166,1.28444017794057,0.26539177374881,0.597850041537732,286.15,348.15,393.15,455.15,521.15,2225.10244326263,113452.014683137,1460.57459364167,509.318176194124,387.078186803771,2.23728726220161e-19,0.004,10242.0883541481,204.841767082961,93.3632336944236,13075.1344269897,0.210947278075872,693.15,43.3430477665727,0,0,0,0,0,0,0,0,0,0,0,0,0,0,0,0,0,0,0,0,0,0,0
"Record_1...9",9,"Mixed",2,25.0913951049724,4231.22107948942,1860.36015768261,1,288.15,24.4954481505012,3,8.30367506374567e-17,9.86274641263423e-18,1,0.1188,2684.87587455456,677.336694085021,53.6975174910912,13.5467338817004,3,8.57347492062997e-17,1.76352786947754e-17,7.54452750067194e-20,1,0.2057,9e-04,17616.3201708441,2367.96735348729,216559.940833672,352.326403416882,47.3593470697458,4331.19881667343,1,29.9087166406211,0,1674.01063316273,0,1,0,527.15,0,260.951039234722,0,5,1457.69951100781,84665.18731305,1721.74232284695,386.620685499671,333.611417538474,33787.4154156997,2402078.09789404,97301.1910788469,19281.5905395577,51434.9128449514,1,71.0938693694187,2.87980568746418,0.570673734653236,1.52230977753485,289.15,348.15,392.15,454.15,521.15,1566.96273284863,84739.5955781623,1698.21777102123,499.496354050555,391.921871248934,1.94315768335934e-19,0.0023,13181.7990455104,263.635980910209,0,0,0,0,0,906.67093475932,16382506.7989548,82409.683629014,44.2977040164464,564.15,990.002206802545,0,0,0,0,0,0,0,0,0,0,0,0,0,0,0,0,0
"Record_1...10",10,"Mixed",1,840.580994324635,65584619.9013576,70223.296253993,1,563.15,909.51739240841,1,2.59724263165592e-19,0,1,0,4021.40726813092,0,80.4281453626185,0,3,7.79471652282083e-17,8.85635951655973e-18,6.2344810885069e-20,1,0.1136,8e-04,2422.1267070932,885.768672472031,192654.676947239,48.4425341418641,17.7153734494406,3853.09353894477,2,168.005939770689,153.42361068338,8251.93982090195,12513.773174971,1,1.51646442491909,522.15,573.15,214.663185472902,177.613658483726,5,1394.12826407667,85519.9431955341,1142.94829001467,525.969569305519,240.059622355572,34832.7393572497,2424617.80810836,65715.0165670248,22132.558427248,37598.6414764268,1,69.6074398065889,1.88658766952096,0.63539528718236,1.07940524260264,287.15,348.15,392.15,458.15,520.15,1507.08853203006,85116.3308839469,1088.25305898164,614.283085550857,293.136093552942,0,0,0,0,0,0,0,0,0,0,0,0,0,0,0,0,0,0,0,0,0,0,0,0,0,0,0,0,0,0,0,0
"Record_1...11",11,"Mixed",1,1502.71890488366,4699120.87549721,161937.482833026,1,565.15,1548.93199570243,3,6.90993012972527e-17,7.62268017648617e-18,1,0.1103,2893.91257942207,522.013714319746,57.8782515884415,10.4402742863949,3,8.26865105200574e-17,2.58766701147798e-17,9.02210242920263e-20,1,0.3129,0.0011,15260.731043394,2798.05775537528,195715.917051348,305.21462086788,55.9611551075056,3914.31834102697,2,130.396006078415,213.274645645398,4272.91581498279,37704.6207664817,1,8.82409633119196,523.15,578.15,287.128482970924,238.480927975915,5,1454.47207551179,78816.6015423108,1566.85454190124,421.682763667855,349.438904103398,34470.340666821,2248822.66819836,76909.8876106611,17518.4899699149,55232.4182921811,1,65.2393514161855,2.23119023841531,0.508219229372954,1.60231715798923,288.15,348.15,391.15,453.15,518.15,1544.46766258836,78386.6975003621,1509.24359494633,589.342978580711,431.554014462378,1.96943350147622e-19,0.0029,12654.3008514955,253.086017029909,0,0,0,0,0,0,0,0,0,0,0,1,32.1974402508556,6105.79831755381,1,709.15,46.592805102319,1,16.7269356109639,1122.68462475053,1,286.15,23.1588009767754,0,0,0,0,0
"Record_1...12",12,"Mixed",1,1402.35849026175,24019180.0422096,134378.131157653,1,565.15,1485.67551397998,2,6.17491906332381e-17,2.05104907151657e-19,1,0.0033,2833.26705301425,14671.2740980915,56.6653410602849,293.425481961829,3,7.14337529342147e-17,6.56641737911161e-18,1.16160837306383e-19,1,0.0919,0.0016,11725.0488499788,6283.52456062859,149235.892675057,234.500976999575,125.670491212572,2984.71785350114,3,26.282975961118,92.188767368721,1623.29511448962,3545.14459794627,1,2.18391872574623,284.15,522.15,25.5955868360127,220.58997695367,6,1388.59894020821,79008.0268936077,1230.9511650901,757.683000370987,153.844297583642,32579.9198675431,2238754.16152675,79588.1093111918,32805.1199208784,5973.73745287585,1,68.7157663563517,2.44285773675212,1.0069122347216,0.183356419449854,289.15,347.15,391.15,453.15,518.15,1517.9917330359,78900.403717025,1205.37842710771,835.368727663144,335.516677415923,0,0,0,0,247.998112888568,41534.747330946,1.27485725869829,570.15,258.633151000891,0,0,0,0,0,0,0,0,0,0,0,0,0,0,0,0,0,0,183.255575215037,30578.2824463417,18.8371677912404,576.15,192.372839814047
"Record_1...13",13,"Mixed",2,23.4565746158065,1844.8561815972,2189.25817628827,1,281.15,23.2683465226901,3,7.18432889491478e-17,1.07352716549068e-17,1,0.1494,10195.1300182277,1865.10721950693,203.902600364554,37.3021443901386,3,8.60897429349074e-17,3.1617295606645e-17,9.40981217424806e-20,1,0.3673,0.0011,33908.8305897422,7478.18274764907,270450.346663266,678.176611794843,149.563654952981,5409.00693326533,3,22.5003913493151,287.66374923928,2462.58303287536,14819.7213109975,1,6.01795801934591,284.15,524.15,20.5221954004158,374.331236806333,5,2044.65041324824,113311.499481938,3326.49164187292,1124.4819842242,489.21228724276,50148.1877492721,3245914.92662674,151564.424520564,51498.289625117,63361.6043718215,1,64.7264651487601,3.02233104171872,1.02692224657439,1.26348742029549,288.15,348.15,392.15,458.15,526.15,2176.34844763612,112846.907754289,3334.41002636548,1269.6098844338,566.015685395379,1.91238692368036e-19,0.0027,32747.8833796612,654.957667593225,0,0,0,0,0,2012.59686869471,6395253.86834601,213237.39882246,97.4016683514178,564.15,2123.79174919522,0,0,0,0,0,0,0,0,0,0,0,0,254.139991679649,26970.8940574224,10.9522780338215,581.15,286.332736178519
"Record_1...14",14,"Mixed",0,0,0,0,0,0,0,0,0,0,0,0,0,0,0,0,3,1.79591576084993e-17,2.20296825594894e-18,3.86076304598466e-20,1,0.1227,0.0021,21.2124583007414,126.247434984739,5591.49752127821,0.424249166014829,2.52494869969479,111.829950425564,0,0,0,0,0,0,0,0,0,0,0,3,26.7700361632234,126.06897141858,57.6758416382422,0,0,2252.05764094879,3821.21575952969,11759.9967555175,0,0,1,1.69676641043691,5.22188976946569,0,0,284.15,353.15,469.15,0,0,25.8951551749987,158.457730237381,79.4185691225376,0,0,0,0,0,0,0,0,0,0,0,0,0,0,0,0,0,0,0,0,0,0,0,1,17.5283649976353,1205.76096505491,1,290.15,21.3237263946368,0,0,0,0,0
"Record_1...15",15,"Mixed",2,38.7489295945478,7.2582646868726,9368.60174889264,1,551.15,186.981682319793,3,5.78942434640642e-17,1.20435628966033e-17,1,0.208,689.318586123496,297.099188778447,13.7863717224699,5.94198377556895,3,6.38201903573722e-17,2.62059906114647e-17,1.05572210960892e-19,1,0.4106,0.0017,5947.37861194518,4025.42047897686,25817.9583582413,118.947572238904,80.5084095795372,516.359167164827,1,21.7633065722329,0,1361.38107346623,0,1,0,288.15,0,25.3169596178374,0,4,286.47885160136,15602.1832394967,99.4837509457636,180.545218169548,0,10070.6776511456,460105.453029318,3765.19446757164,35667.6939749376,0,1,45.6876358242864,0.373876972136363,3.54173723065005,0,290.15,352.15,399.15,466.15,0,319.74646041594,15615.3413654997,206.701790354107,234.747904264578,0,1.74656511693517e-19,0.003,5074.06345561252,101.48126911225,0,0,0,0,0,56.0157706321729,249608984922.26,3894.56103196138,0.415703552819044,576.15,216.151703409193,1,23.270538104958,1378.55648780165,1,283.15,23.3542257606962,0,0,0,0,0,0,0,0,0,0,0
"Record_1...16",16,"Mixed",2,34.4989782881429,2381.16897877929,3021.98425107057,1,287.15,33.5075044150146,3,5.8254332016278e-17,5.95328557061854e-18,1,0.1022,6813.32511941447,4784.41887616775,136.266502388289,95.688377523355,3,7.36267243180605e-17,1.72613077293347e-17,1.22585874099482e-19,1,0.2344,0.0017,29416.0407734344,5529.58180388132,174942.43895829,588.320815468689,110.591636077627,3498.84877916581,3,52.3891835066507,252.492611702725,2401.16279789756,17815.2835695915,1,7.41944010843015,282.15,521.15,37.2022090673724,325.173660022369,5,2091.4949764516,119513.595243702,3348.92838130012,2213.3997832984,473.943503067104,56627.9577872073,3407010.26720583,158217.935405621,92076.5836357023,87022.5614953398,1,60.1648090508308,2.79398978151678,1.62599159909142,1.53674200687843,289.15,347.15,391.15,459.15,520.15,2316.41008730968,119017.061339246,3344.19751899219,2473.39288200104,533.157891552068,2.4620693684815e-19,0.0042,38075.5655349571,761.511310699142,0,0,0,0,0,1874.85977844788,294408.263854434,215894.816035312,71.4414100466701,564.15,2010.85284193577,0,0,0,0,0,0,1,24.495914944557,1314.72330264984,1,279.15,27.9273840367269,177.054114691474,13356.0104197866,5.56230940754244,581.15,287.768870980549
"Record_1...17",17,"Mixed",1,1843.34953315007,6318390.39383447,197616.273114711,1,569.15,1969.84375361981,3,8.13452119247023e-17,2.36614789461427e-17,1,0.2909,9003.50509641221,1915.04376104245,180.070101928244,38.3008752208491,3,8.19469285463796e-17,1.27314576726725e-17,1.23745678584505e-19,1,0.1554,0.0015,32975.474467726,4574.82648544257,143739.841173015,659.509489354519,91.4965297088515,2874.7968234603,3,34.3845083110967,160.588179547254,2131.29001853032,5718.30587273763,1,2.68302569008455,279.15,524.15,28.4123499887187,332.827819922361,5,47095.4426230691,2325.3718351747,855.59652531089,168.545872829446,425.328438249919,1377882.69239829,113183.937241247,45031.4161646341,6626.43850616558,69793.207938075,1,0.0821433768387378,0.0326816037483235,0.00480914561357313,0.0506525035281455,349.15,394.15,457.15,523.15,569.15,47190.0659927614,2390.15944923596,923.344989012064,524.455830973827,446.524716389635,2.44407180584567e-19,0.003,16492.790307209,329.85580614418,0,0,0,0,0,0,0,0,0,0,0,1,44.2432676529824,6757.78170617446,1,716.15,68.1446011692809,1,20.3437497144102,1544.8289196839,1,287.15,23.8776437380146,268.463188112733,45000.3206646333,21.1141234995621,582.15,296.507953735141
"Record_1...18",18,"Mixed",2,37.047768002276,1514.90901584983,3619.44064289418,1,279.15,33.263090833646,3,7.01969324787317e-17,1.09390260007882e-17,1,0.1558,4626.20515047589,976.725421920666,92.5241030095178,19.5345084384133,3,9.69309560742445e-17,4.59783302680549e-17,1.35231240503596e-19,1,0.4743,0.0014,16190.4755219676,11790.9663357511,95376.7457682086,323.809510439352,235.819326715021,1907.53491536417,3,36.0934772073065,48.7542216559569,2582.1227212796,2237.08966665539,1,0.866376198241566,286.15,526.15,39.7746339080963,237.047872663725,5,1094.36841756747,65176.0936483602,169.776640743006,77.6,279.808446883058,133931.40573035,1875170.63598046,4378.22436464342,2037.43879234909,52207.5326635576,1,14.0009777822822,0.032690050110116,0.0152125543761644,0.38980799446449,350.15,398.15,460.15,521.15,572.15,65775.1189644268,851.557698750297,478.215454341333,371.721789625931,376.075989546415,1.90992638749412e-19,0.0027,16787.1925832067,335.743851664133,0,0,0,0,0,1274.03884936633,3691471.87214142,139593.883053912,38.5678055884045,571.15,1368.82214524787,1,25.2406276715007,1365.76854325619,1,280.15,24.4943893815864,1,40.1591128307243,1840.61978582782,1,279.15,41.7129329602197,199.684346322913,39110.9180568067,15.1468083737805,586.15,227.658103979721
"Record_1...19",19,"Mixed",1,1812.03210015222,6806219.49610486,191609.445603215,1,563.15,1882.91999841938,3,6.48023953689959e-17,1.64535080555863e-17,1,0.2539,43996.5414466652,5918.41210170902,879.930828933304,118.36824203418,3,6.89856836613786e-17,2.33144787365555e-17,1.06214945554939e-19,1,0.338,0.0015,66240.7844762832,5214.72271402606,173431.565467846,1324.81568952566,104.294454280521,3468.63130935691,3,27.0676661839365,140.012299646653,2148.44305598483,5737.20491816978,1,2.67040120155285,289.15,522.15,25.6045769008888,320.849243837243,5,1693.12060727208,89502.7689079841,1512.1421242111,1150.87119068546,587.63890311991,50805.355373485,2558364.83951175,99559.6405997225,42345.6396224916,83982.3162299033,1,50.3562040006306,1.95962885935608,0.833487716229844,1.65302093868894,289.15,347.15,395.15,456.15,520.15,1850.72272489104,89224.5693340678,1539.70578360006,1405.98199400952,594.553090076238,2.10685822502419e-19,0.0033,45173.7544413208,903.475088826416,0,0,0,0,0,0,0,0,0,0,0,0,0,0,0,0,0,0,0,0,0,0,0,240.576424352866,37828.4213336844,17.6073651234587,574.15,252.451565247614
"Record_1...20",20,"Mixed",2,23.2509769348401,2404.82260630808,2031.47775858235,1,297.15,24.0271092769025,2,5.22197852571028e-17,2.26713591261327e-19,1,0.0043,1764.16476346345,12936.9019116112,35.283295269269,258.738038232225,3,7.64780612620475e-17,1.83885057405153e-17,1.49360031461929e-19,1,0.2404,0.002,19293.3893431378,4622.67029226546,88555.7787277855,385.867786862757,92.4534058453091,1771.11557455571,2,154.112720568084,279.062492370544,6837.32406532349,42127.1897981579,1,6.16135631362162,525.15,587.15,309.629435270165,291.211691042916,5,1134.73908996823,64734.6923425602,1760.64354727024,2551.78134050511,411.258031456008,29065.1976135109,1866824.14104954,90832.0701797013,104973.200526874,51336.7984993576,1,64.2288473614832,3.12511448872717,3.61164585642031,1.76626352870533,290.15,348.15,395.15,458.15,534.15,1261.28935783536,64617.8325827195,1827.0304502768,2668.86071138926,518.032010871777,0,0,0,0,0,0,0,0,0,1747.37795849419,7296929.51329606,185634.556677875,91.3790741215981,570.15,1821.29143908459,0,0,0,0,0,0,1,22.9538108718188,1347.29803404944,1,280.15,23.1567458523293,0,0,0,0,0
"Record_1...21",21,"Mixed",1,983.178932644626,34363092.4954121,97671.7475263492,1,569.15,1047.2096483926,3,5.25296414293683e-17,7.09237953016665e-18,1,0.135,634.835204625068,1542.39569241227,12.6967040925014,30.8479138482453,3,7.16244634449808e-17,1.24588409627734e-17,8.86764165298985e-20,1,0.1739,0.0012,4622.3000742918,785.420658658653,88527.4480250778,92.446001485836,15.7084131731731,1770.54896050156,1,176.633169178927,0,19700.5766524814,0,1,0,529.15,0,231.898926952788,0,5,772.352229532376,44504.9112587022,600.986427797028,148.723165322921,295.761326441288,21905.6020245968,1283884.89562145,32503.9469826346,5298.75963494447,44557.8312968716,1,58.6098886567842,1.4838189311637,0.24189061907519,2.03408384973121,288.15,349.15,393.15,459.15,528.15,832.373206131106,44251.4919865944,589.0248525341,257.231315927596,345.234006669547,2.82846360456526e-19,0.0054,8471.57369404153,169.431473880831,0,0,0,0,0,0,0,0,0,0,0,0,0,0,0,0,0,0,0,0,0,0,0,0,0,0,0,0
"Record_1...22",22,"Mixed",1,1105.17952513245,5661109.06482526,117107.823207565,1,566.15,1082.94430172713,2,4.82489165686639e-17,2.15643351283232e-19,1,0.0045,890.996047984177,12509.0280272839,17.8199209596835,250.180560545678,3,7.0008484840209e-17,2.37509153743243e-17,1.28155983733491e-19,1,0.3393,0.0018,15632.4933514097,4812.22725484846,115375.099044774,312.649867028195,96.2445450969691,2307.50198089548,1,260.543786976108,0,38526.9944325929,0,1,0,525.15,0,359.036881950703,0,5,1426.92556358939,80117.8688848892,1506.79688023518,485.333045873724,358.986618918705,36903.2018631198,2294334.28145312,80219.819345859,22323.5253910272,19935.7886779439,1,62.1716860765413,2.17379022133114,0.6049210980074,0.540218400340684,287.15,348.15,391.15,455.15,521.15,1536.48057466279,79638.5487667075,1358.4592436066,566.838083023538,531.720060686529,0,0,0,0,0,0,0,0,0,0,0,0,0,0,0,0,0,0,0,0,0,0,0,0,0,0,0,0,0,0,0,0
"Record_1...23",23,"Mixed",1,945.900106674663,4599691.54468077,101451.63189856,1,563.15,971.596588404017,3,6.88018414609457e-17,8.46023936495072e-18,1,0.123,1429.13099979785,648.018574713526,28.5826199959569,12.9603714942705,3,7.44127594622963e-17,1.2982320682917e-17,7.70466747415921e-20,1,0.1745,0.001,6552.16101317211,1120.43179381872,160275.195727424,131.043220263442,22.4086358763744,3205.50391454849,2,169.746467015735,140.565744660589,8718.77077622924,12741.4089848412,1,1.46137675962066,519.15,573.15,226.860899531067,179.802859830801,5,1152.21087636251,67100.1431104299,1285.62666933007,334.820518622537,279.595290406976,28712.5051362196,1890598.03203613,63618.0513167907,15016.4522329372,47703.948838614,1,65.8458056190721,2.21569142138487,0.522993453956569,1.66143457745306,289.15,347.15,389.15,451.15,518.15,1245.09728204234,66813.7006724821,1285.02903529607,469.897920967153,322.58978497039,1.92439234365328e-19,0.0028,8356.92376169847,167.138475233969,0,0,0,0,0,0,0,0,0,0,0,0,0,0,0,0,0,0,0,0,0,0,0,0,0,0,0,0
"Record_1...24",24,"Mixed",1,968.949538238902,267098913.341277,78656.8492291573,1,560.15,1040.72637508268,2,4.83176389612135e-17,3.92950184213558e-19,1,0.0081,1191.63297465879,5145.44765415574,23.8326594931758,102.908953083115,3,7.05693639404851e-17,1.90166533498632e-17,8.19822771359444e-20,1,0.2695,0.0012,13443.500079622,1966.01266728049,155714.472518456,268.87000159244,39.3202533456098,3114.28945036912,3,25.2791910561958,185.557908845176,1158.62567541974,8884.16777777979,1,7.66784990722846,279.15,524.15,20.2511040146858,294.852211460343,5,1599.00376272628,96982.2162489262,936.511778646645,270.891092169836,408.561999713802,35512.0834083712,2733637.04463851,60754.4952921661,12023.209380915,59185.0178169743,1,76.9776589338069,1.7108119113576,0.338566713832418,1.66661632144688,288.15,347.15,391.15,441.15,523.15,1682.11915250876,96483.0031771716,929.308105214722,372.520012325365,476.112929004826,0,0,0,0,0,0,0,0,0,0,0,0,0,0,0,0,0,0,0,0,0,0,0,0,0,0,0,168.67156143612,21419.2998386639,18.4868161418088,676.15,43.8884631133025
"Record_1...25",25,"Mixed",1,1370.61869953808,6336798.71350097,145627.42533055,1,563.15,1456.18439050963,3,6.76392905532837e-17,5.30016713478908e-18,1,0.0784,2304.25609125019,5865.39722923749,46.0851218250039,117.30794458475,3,7.44683268005821e-17,7.5594869814045e-18,1.11088238787266e-19,1,0.1015,0.0015,14124.1222764354,5760.5249741846,149463.499137089,282.482445528708,115.210499483692,2989.26998274179,2,164.734577653159,215.473524982641,6011.96327073508,32957.805152268,1,5.48203700988982,519.15,567.15,321.386452581326,227.598917571497,5,1630.18596053005,10249.8681550114,80815.8477774585,1688.31310583034,513.845397007545,37778.4414968428,413513.871625024,2159243.61223838,62984.8980126787,24586.3687933641,1,10.9457631188831,57.1554443933012,1.66721800892561,0.650804210528876,288.15,347.15,387.15,455.15,517.15,1703.23931855241,88441.067078976,2084.21554170544,680.87458403667,486.551979194892,2.92908410332698e-19,0.0043,20218.4216110347,404.368432220694,0,0,0,0,0,0,0,0,0,0,0,0,0,0,0,0,0,0,0,0,0,0,0,0,0,0,0,0
"Record_1...26",26,"Mixed",1,1022.83152216671,44270413.8193776,87108.157786566,1,562.15,1094.08454896723,3,6.4839356846616e-17,1.14235294721036e-17,1,0.1762,2132.47375501412,692.564933068511,42.6494751002824,13.8512986613702,3,7.09319206575103e-17,1.1083060731683e-17,8.42860964801672e-20,1,0.1562,0.0012,6378.97393197397,1372.13449222689,162325.083696169,127.579478639479,27.4426898445377,3246.50167392338,1,246.05285857749,0,34839.5861682233,0,1,0,524.15,0,325.063585990386,0,5,1502.99608695309,93206.046244475,1121.67934296528,289.054764810279,408.455870104295,31309.4612898001,2624864.16873125,73472.6538097754,12820.5916305651,59059.6664936006,1,83.8361332517202,2.34665978854485,0.409479789891555,1.88632011093851,288.15,347.15,389.15,446.15,518.15,1637.81119489962,92950.332222899,1062.46688844337,408.235278589598,497.95046428129,2.25057935207623e-19,0.0035,7260.42092420161,145.208418484032,0,0,0,0,0,0,0,0,0,0,0,1,31.1061501825671,4801.71378947227,1,717.15,55.6060540823861,0,0,0,0,0,0,0,0,0,0,0
"Record_1...27",27,"Mixed",1,951.046857313616,4076906.37622951,98394.780699303,1,563.15,1045.04914454629,3,6.41513699253181e-17,7.69683223311161e-18,1,0.12,4659.8230702869,2681.96948512827,93.1964614057379,53.6393897025654,2,6.67353735336543e-17,1.21845897995634e-19,0,1,0.0018,0,13115.3625649287,138900.826703751,0,262.307251298574,2778.01653407503,0,1,242.931458851795,0,34128.7888788833,0,1,0,520.15,0,289.573929445138,0,5,1938.55620641005,114655.099583227,1692.79021982396,464.348509183283,450.613846147367,46291.522840747,3234149.69581404,101217.31976878,16868.4740831784,56860.0008770897,1,69.8648369581666,2.18651955168962,0.364396611906885,1.22830266510567,289.15,347.15,393.15,456.15,518.15,2072.17338803971,113875.112031483,1706.79606399622,686.753149735928,505.064451226466,2.73950193053436e-19,0.0043,23958.5834695629,479.171669391258,0,0,0,0,0,0,0,0,0,0,0,0,0,0,0,0,0,0,0,0,0,0,0,0,0,0,0,0
"Record_1...28",28,"Mixed",1,1109.07657554259,77743750.7557849,105269.910883594,1,565.15,1157.52179435256,3,7.49573188216437e-17,1.1754827988467e-17,1,0.1568,2693.71251001501,703.492648749705,53.8742502003002,14.0698529749941,1,6.31271954086986e-17,0,0,1,0,0,26138.8486386478,0,0,522.776972772955,0,0,2,183.325073798936,57.3374338165774,8181.03666170855,12009.0414406878,1,1.4679119453035,516.15,566.15,259.697381833626,206.775336380979,5,1602.6854987635,91148.3049249454,2124.23038417309,1690.74237166936,384.665649292431,35956.2326062146,2570886.98320696,98612.6977483017,89690.8515593968,52373.8449859001,1,71.5004547712991,2.74257592079482,2.49444519234462,1.45659990465319,287.15,347.15,391.15,443.15,517.15,1696.67691564124,90872.1744423316,2247.23651679803,1771.46509921181,440.601552979573,2.62923944890784e-19,0.0035,11067.8784547466,221.357569094933,0,0,0,0,0,0,0,0,0,0,0,0,0,0,0,0,0,0,0,0,0,0,0,0,0,0,0,0
"Record_1...29",29,"Mixed",1,1040.22165794901,107779960.789113,87156.1898416067,1,564.15,1137.65718635176,3,6.66357668986812e-17,5.85989757314438e-18,1,0.0879,1852.67281676011,411.744785763083,37.0534563352021,8.23489571526165,3,8.23813081144393e-17,3.74012482765829e-17,7.77559421655496e-20,1,0.454,9e-04,11898.6010540299,2737.53138698781,144121.707156073,237.972021080598,54.7506277397563,2882.43414312146,2,103.219721430219,205.485701790721,3411.74813413208,29147.8969634453,1,8.54339060724959,524.15,572.15,255.816671588411,215.69159431879,5,1310.13545792684,81400.5074565644,795.318579046519,246.244612671258,336.833966160676,30090.4198647589,2292606.99097279,58306.5961441756,11895.082366108,47713.2314533536,1,76.190594922799,1.93771294671972,0.395311279123732,1.58566187071501,290.15,347.15,387.15,446.15,522.15,1445.1398259246,81139.1004438226,744.863159754999,326.035017994014,381.027094068669,1.71242218977518e-19,0.0026,7667.29499926538,153.345899985308,0,0,0,0,0,0,0,0,0,0,0,0,0,0,0,0,0,0,0,0,0,0,0,0,0,0,0,0
"Record_1...30",30,"Mixed",1,459.505487741006,40671527.9933555,39596.1637505948,1,561.15,516.638565178988,3,7.48713257031221e-17,7.4693207884156e-18,1,0.0998,366.490820156486,113.892370917769,7.32981640312971,2.27784741835538,3,9.45254015212326e-17,4.19237237499932e-17,1.10686996582493e-19,1,0.4435,0.0012,13560.9233911794,3918.65499139486,37272.8342064553,271.218467823588,78.3730998278973,745.456684129106,2,56.2250945404986,62.371810827867,2329.21614976525,12255.1288084352,1,5.26148198382976,520.15,658.15,112.814902534497,30.575004149215,5,367.223627060643,19789.150452131,521.342364485712,154.464271397471,166.082919393094,7931.95416034022,558026.98757622,29527.415717465,8036.34407935275,22178.3823441277,1,70.3517665755503,3.72259031262461,1.01316068107585,2.79608049867706,290.15,347.15,391.15,440.15,521.15,393.039533476476,19840.3976982763,514.62802270096,182.108393413546,189.001308109021,9.75398925295021e-20,0.0013,4908.7311122873,98.1746222457459,0,0,0,0,0,0,0,0,0,0,0,0,0,0,0,0,0,0,0,0,0,0,0,0,0,0,0,0
