"","X","sources","Record_1_Nb_peaks","Record_1_Peak_intensity_max_peak_1","Record_1_Frequency_factor_peak_1","Record_1_Peak_intensity_integrated_peak_1","Record_1_Peak_intensity_integrated_relative_peak_1","Record_1_Peak_temperature_peak_1","Record_1_Peak_intensity_peak_1","Record_1_Nb_components","Record_1_Cross_section_component_1","Record_1_Cross_section_component_2","Record_1_Cross_section_component_3","Record_1_Cross_section_relative_component_1","Record_1_Cross_section_relative_component_2","Record_1_Cross_section_relative_component_3","Record_1_Intensity_component_1","Record_1_Intensity_component_2","Record_1_Intensity_component_3","Record_1_Sensitivity_component_1","Record_1_Sensitivity_component_2","Record_1_Sensitivity_component_3","Record_2_Nb_peaks","Record_2_Peak_intensity_max_peak_1","Record_2_Peak_intensity_integrated_peak_1","Record_2_Peak_intensity_integrated_relative_peak_1","Record_2_Peak_temperature_peak_1","Record_2_Peak_intensity_peak_1","Record_2_Nb_components","Record_2_Cross_section_component_1","Record_2_Cross_section_component_2","Record_2_Cross_section_component_3","Record_2_Cross_section_relative_component_1","Record_2_Cross_section_relative_component_2","Record_2_Cross_section_relative_component_3","Record_2_Intensity_component_1","Record_2_Intensity_component_2","Record_2_Intensity_component_3","Record_2_Sensitivity_component_1","Record_2_Sensitivity_component_2","Record_2_Sensitivity_component_3","Record_3_Nb_peaks","Record_3_Peak_intensity_max_peak_1","Record_3_Peak_intensity_max_peak_2","Record_3_Peak_intensity_integrated_peak_1","Record_3_Peak_intensity_integrated_peak_2","Record_3_Peak_intensity_integrated_relative_peak_1","Record_3_Peak_intensity_integrated_relative_peak_2","Record_3_Peak_temperature_peak_1","Record_3_Peak_temperature_peak_2","Record_3_Peak_intensity_peak_1","Record_3_Peak_intensity_peak_2","Record_4_Nb_peaks","Record_4_Peak_intensity_max_peak_1","Record_4_Peak_intensity_max_peak_2","Record_4_Peak_intensity_max_peak_3","Record_4_Peak_intensity_max_peak_4","Record_4_Peak_intensity_max_peak_5","Record_4_Peak_intensity_max_peak_6","Record_4_Peak_intensity_integrated_peak_1","Record_4_Peak_intensity_integrated_peak_2","Record_4_Peak_intensity_integrated_peak_3","Record_4_Peak_intensity_integrated_peak_4","Record_4_Peak_intensity_integrated_peak_5","Record_4_Peak_intensity_integrated_peak_6","Record_4_Peak_intensity_integrated_relative_peak_1","Record_4_Peak_intensity_integrated_relative_peak_2","Record_4_Peak_intensity_integrated_relative_peak_3","Record_4_Peak_intensity_integrated_relative_peak_4","Record_4_Peak_intensity_integrated_relative_peak_5","Record_4_Peak_intensity_integrated_relative_peak_6","Record_4_Peak_temperature_peak_1","Record_4_Peak_temperature_peak_2","Record_4_Peak_temperature_peak_3","Record_4_Peak_temperature_peak_4","Record_4_Peak_temperature_peak_5","Record_4_Peak_temperature_peak_6","Record_4_Peak_intensity_peak_1","Record_4_Peak_intensity_peak_2","Record_4_Peak_intensity_peak_3","Record_4_Peak_intensity_peak_4","Record_4_Peak_intensity_peak_5","Record_4_Peak_intensity_peak_6","Record_3_Peak_intensity_max_peak_3","Record_3_Peak_intensity_integrated_peak_3","Record_3_Peak_intensity_integrated_relative_peak_3","Record_3_Peak_temperature_peak_3","Record_3_Peak_intensity_peak_3","Record_1_Peak_intensity_max_peak_2","Record_1_Frequency_factor_peak_2","Record_1_Peak_intensity_integrated_peak_2","Record_1_Peak_intensity_integrated_relative_peak_2","Record_1_Peak_temperature_peak_2","Record_1_Peak_intensity_peak_2","Record_5_Nb_peaks","Record_5_Peak_intensity_max_peak_1","Record_5_Peak_intensity_integrated_peak_1","Record_5_Peak_intensity_integrated_relative_peak_1","Record_5_Peak_temperature_peak_1","Record_5_Peak_intensity_peak_1","Pop_fraction"
"1","Record_1...1","S1",1,1398.52848495678,10186980.1069638,145640.184789142,1,566.15,1455.34944872808,3,5.91538970650077e-17,1.81818423308717e-17,2.15762686604191e-19,1,0.3074,0.0036,4476.48653097365,1306.96918870679,11313.5106395238,89.529730619473,26.1393837741359,226.270212790476,1,28.8650506118145,4292.46703373488,1,716.15,48.0818041985712,3,6.28511701531701e-17,2.1680678852588e-17,1.26710851092308e-19,1,0.345,0.002,22286.185268368,3889.88433728154,66247.9931554963,445.723705367361,77.7976867456308,1324.95986310993,2,89.7014714234564,186.267156382736,4749.16486344048,24087.0906036416,1,5.07185816796259,526.15,596.15,156.274474957873,199.594409439838,6,865.962230619381,51985.0374822316,1261.23934843339,420.649262463367,126.905776176341,243.125293708288,26519.9778467212,1504145.30924936,69715.9103512651,19710.1169901905,9623.80576836995,33517.992529291,1,56.7174421465561,2.62880726198964,0.743217701919286,0.362888906770327,1.26387709382778,289.15,348.15,389.15,449.15,530.15,565.15,946.565916753505,51915.8504840759,1153.19002861158,470.5367050913,280.933795630751,313.749935024319,0,0,0,0,0,0,0,0,0,0,0,0,0,0,0,0,0,0.34
"2","Record_1...2","S1",1,815.853729785549,1460111.58216366,92278.9671946606,1,565.15,827.72879037245,3,5.05764351708628e-17,5.35666837453027e-18,2.3478264126099e-19,1,0.1059,0.0046,1146.40465658676,1125.49223341386,9449.09083213596,22.9280931317352,22.5098446682771,188.981816642719,0,0,0,0,0,0,2,5.17598334195976e-17,3.99303044175938e-19,0,1,0.0077,0,10788.0217112483,25273.6485677699,0,215.760434224966,505.472971355398,0,2,72.7321711458027,126.506108995807,2495.9170023173,23054.089549782,1,9.23672122445485,519.15,594.15,158.354327617749,145.414549039791,5,634.806961693215,33448.6305494412,1535.66470287459,441.049212827288,221.296350013139,0,15552.672357483,975227.101335532,71569.2057032947,21312.501488164,43679.0675233165,0,1,62.7047930361826,4.60173043308919,1.37034337239861,2.80846059888226,0,287.15,347.15,390.15,455.15,521.15,0,701.38955482767,33610.3152439435,1492.15393754505,566.999076534386,265.763131159391,0,0,0,0,0,0,0,0,0,0,0,0,0,0,0,0,0,0,0.34
"3","Record_1...3","S1",1,1538.4014080347,3264768.78933795,166540.351178115,1,562.15,1581.7648571802,3,5.87405778943074e-17,7.40114326246042e-18,2.53154035918942e-19,1,0.126,0.0043,6277.3758710776,2244.76330965937,21655.6004047546,125.547517421552,44.8952661931873,433.112008095092,0,0,0,0,0,0,3,6.79229327104734e-17,2.1748992943702e-17,1.2109817517565e-19,1,0.3202,0.0018,38245.5722266437,5675.14793027947,136999.075694889,764.911444532874,113.502958605589,2739.98151389778,3,17.5774381690335,175.411406992795,1495.59950095364,9089.76962920495,1,6.07767629195451,295.15,526.15,22.2708810725837,251.617215104811,5,1622.32776927009,96299.1792081545,1681.98756938356,905.49039864709,422.406505244791,0,38371.3219276721,2764269.12001942,108434.391588932,38258.0576246368,61264.2686917777,0,1,72.0399762413689,2.82592275015506,0.99704820430089,1.59661605631564,0,287.15,348.15,393.15,459.15,525.15,0,1757.67304131073,96181.0857389395,1650.20574464793,1019.36635279346,436.504727259052,0,199.677458996474,26125.7434983741,17.4684088097886,583.15,219.438111508878,0,0,0,0,0,0,0,0,0,0,0,0,0.34
"4","Record_1...4","S1",2,1651.26513230664,41955029.4192974,162343.366233125,1,439.15,48.4095093654983,3,4.70802445993828e-17,7.36858057715878e-18,9.81968070271869e-20,1,0.1565,0.0021,4626.17130907861,1338.84485029983,67748.7270461341,92.5234261815721,26.7768970059966,1354.97454092268,0,0,0,0,0,0,3,7.70117524338136e-17,3.32827652747259e-17,1.04825840348652e-19,1,0.4322,0.0014,11701.3201466374,6330.16603769846,161357.800018326,234.026402932749,126.603320753969,3227.15600036653,2,129.814903900096,214.530692633486,6682.98077019708,26781.3687208339,1,4.00739874043422,523.15,586.15,198.005786091447,221.893492052321,6,1320.82795076098,76952.8616138697,1248.99654340563,467.745242710094,166.692216644095,264.904485081792,44367.8100805998,2194732.43080306,75599.7578391152,21311.8561451037,7145.95676614687,37738.7772161911,1,49.4667739249705,1.70393259666814,0.480345009284614,0.161061741680857,0.850589135403207,287.15,348.15,393.15,455.15,519.15,570.15,1443.39274035952,76710.7281268579,1224.20178369607,523.13998092471,316.846608467264,279.740668129782,0,0,0,0,0,48.5505097411227,3.62294544936834,11857.3170409224,0.0730385066913996,561.15,1718.57261283641,0,0,0,0,0,0,0.34
"5","Record_1...5","S1",2,1322.8059847737,9564884.20430968,130252.247085234,1,561.15,1400.08754672159,2,5.68048995195267e-17,4.4884562687757e-19,0,1,0.0079,0,5480.46179513972,11205.2418821299,0,109.609235902794,224.104837642598,0,0,0,0,0,0,0,3,7.67899005817064e-17,2.63190432945785e-17,1.07075796245374e-19,1,0.3427,0.0014,22349.3765383687,4020.8518525121,108009.107915889,446.987530767374,80.4170370502419,2160.18215831778,3,29.3469441505863,113.536466000099,6036.47207699461,5440.31423590115,1,0.901240686034902,461.15,526.15,50.3932504466534,176.622318861664,5,1027.43504845474,57085.3859697025,1451.17603151554,2973.66145793495,295.859057017622,0,22437.8399080416,1628860.80931806,75569.6583685113,117230.047714312,50425.343749387,0,1,72.5943680850616,3.36795603668727,5.22465835369015,2.24733503563838,0,288.15,347.15,393.15,457.15,521.15,0,1090.68935505112,56850.7270234233,1507.32143038691,3098.82714943879,302.317385500705,0,164.677823228863,16372.9313478925,2.71233447932126,592.15,195.135418706068,67.8848328028464,2.03329323993939,15606.2036541007,0.119815235462989,690.15,109.860221315959,0,0,0,0,0,0,0.34
"6","Record_1...6","S1",1,1049.49749091747,2989548.05313564,115076.775843073,1,562.15,1089.74617508808,2,4.82085218611481e-17,4.44611153745575e-19,0,1,0.0092,0,5157.79488108476,8185.80613083106,0,103.155897621695,163.716122616621,0,0,0,0,0,0,0,2,5.92309857426003e-17,1.79119665155668e-19,0,1,0.003,0,15910.7549584339,53793.1395547407,0,318.215099168679,1075.86279109481,0,2,87.1952218362022,117.243106225973,2969.56814323691,21556.7541745187,1,7.25922192545521,522.15,586.15,174.449052508782,131.210177250586,4,781.522440779269,44886.7254197495,343.218934787168,171.341527945583,0,0,94444.5727748365,1276692.12573424,10835.6837070074,29249.8432885785,0,0,1,13.5178982574041,0.114730612767348,0.309703802232368,0,0,348.15,389.15,460.15,524.15,0,0,45192.5877969261,664.374859413233,554.198038834348,264.858457003714,0,0,0,0,0,0,0,0,0,0,0,0,0,0,0,0,0,0,0,0.34
"7","Record_1...7","S1",1,1937.09106470087,8738075.29684079,202483.872039508,1,561.15,2020.70852173573,3,5.98144760314395e-17,1.13710663368507e-17,2.14250248665609e-19,1,0.1901,0.0036,13058.6295954573,2041.95871871284,26884.3988778067,261.172591909146,40.8391743742567,537.687977556133,0,0,0,0,0,0,3,6.68267391940729e-17,2.27368802427637e-17,1.52244742120943e-19,1,0.3402,0.0023,58920.3682582093,9195.74059772547,117073.533869486,1178.40736516419,183.914811954509,2341.47067738972,2,175.147425024512,259.230640245444,9065.5493052375,35048.6987756578,1,3.86614176323644,520.15,588.15,273.61061300945,268.942385591642,5,80055.9783801272,2783.44746712677,1897.07892811768,91.6578289492721,543.572932593285,0,2299693.0807816,138817.829394123,103452.177654486,3002.7146558767,73885.2089051565,0,1,0.0603636331100943,0.0449852106435548,0.00130570234826995,0.0321282911718136,0,347.15,392.15,449.15,524.15,561.15,0,80239.3241507458,2903.6623858631,1984.99937096869,524.670819675172,579.499705871734,0,0,0,0,0,0,0,0,0,0,0,0,0,0,0,0,0,0,0.34
"8","Record_1...8","S1",2,17.2092561795365,2330.64225436884,1515.84363005193,1,286.15,23.558947336178,3,6.55001201740414e-17,1.61015700170522e-17,2.05215270815765e-19,1,0.2458,0.0031,4951.0111325413,1368.11942123483,13532.8605809408,99.0202226508261,27.3623884246965,270.657211618816,0,0,0,0,0,0,3,6.88670841990314e-17,1.92706547758114e-17,1.84630471352693e-19,1,0.2798,0.0027,49987.172387373,5974.26041012678,71469.017816349,999.74344774746,119.485208202536,1429.38035632698,2,110.298531111731,209.91607476059,6486.85866969042,26659.8984635511,1,4.10983186486217,522.15,588.15,176.043104082451,221.453374139141,6,927.080612206824,52512.1606223477,1968.07592047035,1116.31664532962,239.813988871808,213.515918184338,26179.0686455161,1495345.73983398,111351.681362147,52412.8281731067,26995.1479269791,32884.4382195897,1,57.1198983463495,4.25346229348077,2.00208910724881,1.03117296847009,1.25613476418391,289.15,349.15,393.15,459.15,529.15,565.15,989.640645530866,52713.2793411682,1961.24526804295,1188.22738735407,401.953505264043,438.105795765368,0,0,0,0,0,1594.70445332038,7319716.02702282,169665.220366468,111.927917235537,569.15,1699.61015520019,0,0,0,0,0,0,0.34
"9","Record_1...9","S1",1,1175.29811005318,2903996.67968856,129172.07162652,1,563.15,1194.93534176895,3,5.27275233054018e-17,6.973967304733e-18,2.05399355089868e-19,1,0.1323,0.0039,2283.05107033384,818.068862899447,12410.1992296279,45.6610214066768,16.3613772579889,248.203984592558,0,0,0,0,0,0,3,6.58409811770258e-17,1.12558184538351e-17,9.93081724797484e-20,1,0.171,0.0015,17535.1640847678,3919.71532193947,136693.906375796,350.703281695356,78.3943064387894,2733.87812751592,2,59.9200463650697,161.177497445322,1919.44331262327,27532.3641126813,1,14.3439318742126,518.15,585.15,160.82635311651,183.854223958199,5,1149.51735290732,60970.6967800922,1637.1377573009,1030.53009061591,258.546443426174,0,28162.9753818753,1738681.32598267,97090.7879673053,47940.1766384145,47191.0325600149,0,1,61.736421752569,3.44746201886714,1.7022411868196,1.67564086962152,0,289.15,347.15,391.15,454.15,515.15,0,1227.01970574424,61139.7326435584,1669.17438364627,1139.92949925917,265.536489640443,0,0,0,0,0,0,0,0,0,0,0,0,0,0,0,0,0,0,0.34
"10","Record_1...10","S1",1,1396.09411642343,5095745.0678898,138781.513337048,1,568.15,1470.40647337257,3,6.3828543734183e-17,1.01843748134853e-17,2.54812310752752e-19,1,0.1596,0.004,6129.17931643462,1557.92269771444,14041.7126986213,122.583586328692,31.1584539542888,280.834253972425,0,0,0,0,0,0,3,7.40697177079661e-17,2.6932651252645e-17,1.72014118557184e-19,1,0.3636,0.0023,30029.1256408501,6752.95478147148,72766.3868579275,600.582512817002,135.05909562943,1455.32773715855,2,68.2082700313605,171.395003424001,2074.95913766874,28500.8942835355,1,13.7356412307747,523.15,589.15,184.310639704223,200.1664844538,5,84339.2275028894,1733.11681052719,790.475448393066,188.081895517007,314.834034677484,0,2425801.73314122,95723.725794267,38377.7597314305,9605.00634719364,33139.4974013602,0,1,0.0394606552079227,0.0158206498112005,0.00395951829696977,0.0136612555546521,0,348.15,392.15,458.15,520.15,557.15,0,84336.3310919484,1765.70495651781,825.590102385019,345.546440095703,356.831746523862,0,0,0,0,0,0,0,0,0,0,0,0,0,0,0,0,0,0,0.34
"11","Record_1...11","S2",1,930.888131044959,9118728.67251413,66631.9596132462,1,564.15,985.516249335374,0,0,0,0,0,0,0,0,0,0,0,0,0,0,0,0,0,0,0,2,5.21697177791172e-17,5.08964878669955e-20,0,1,0.001,0,903.713351800076,570463.87709099,0,18.0742670360015,11409.2775418198,0,2,426.160331843421,34.5318459876552,19810.0480838089,8478.7250839312,1,0.428001236951111,520.15,570.15,504.964543835336,354.094219226655,5,3254.00214807306,207119.209978747,1321.56269738807,133.876938378964,520.727881710546,0,71765.1025809659,5837196.00873157,87338.3661101026,29047.8623892862,24889.0134993182,0,1,81.3375275559037,1.21700329225569,0.404763058152314,0.346812205434226,0,289.15,348.15,386.15,521.15,568.15,0,3523.68203607713,205426.455587594,1257.47025171867,693.487140412228,378.818202441277,0,0,0,0,0,0,0,0,0,0,0,0,0,0,0,0,0,0,0.66
"12","Record_1...12","S2",1,974.028968044913,32863885.7925161,75888.9842089024,1,560.15,965.993377643502,0,0,0,0,0,0,0,0,0,0,0,0,0,0,0,0,0,0,0,2,4.3160118823124e-17,5.04359036884189e-20,0,1,0.0012,0,1020.72149128129,700189.121202623,0,20.4144298256257,14003.7824240525,0,2,257.672980912393,331.546894684318,9567.92638033306,37731.722365832,1,3.94356319916819,523.15,568.15,504.339959771466,335.569568762308,5,3792.19346881754,234277.27332813,1814.29904050515,247.247502350474,564.797371440812,0,78420.7860368653,6586305.78900738,120019.393068866,10351.3464384877,65783.0793499094,0,1,83.9867351739013,1.53045383927222,0.131997483851049,0.838847487692677,0,289.15,347.15,387.15,453.15,519.15,0,4002.99751765749,232932.901916329,1613.22947019512,351.120095787735,717.685495806012,0,0,0,0,0,0,0,0,0,0,0,0,0,0,0,0,0,0,0.66
"13","Record_1...13","S2",1,946.952331590352,22184230.8645093,70681.4751195257,1,561.15,967.476926608403,0,0,0,0,0,0,0,0,0,0,0,0,0,0,0,0,0,0,0,2,4.13245747408501e-17,4.71177578062339e-20,0,1,0.0011,0,888.041084837824,585399.692813149,0,17.7608216967565,11707.993856263,0,2,439.808054730855,308.376320652417,20725.0447641306,22525.0593291615,1,1.08685214365116,524.15,571.15,519.66977085125,340.192363339629,5,3604.39159850803,220144.297144323,1656.60522805365,290.217634778903,610.552573791543,0,78656.8392402681,6223288.30144288,95707.7392597756,13040.5238345429,69198.1313300199,0,1,79.119481046435,1.21677580976046,0.165790082089477,0.87974716500678,0,288.15,348.15,389.15,444.15,520.15,0,3774.77617494931,218733.853183487,1573.4469569475,352.732686964596,738.486848965509,0,0,0,0,0,0,0,0,0,0,0,0,0,0,0,0,0,0,0.66
"14","Record_1...14","S2",2,21.9795347082706,7204.3942281487,1339.83765142498,1,281.15,21.4215854567269,0,0,0,0,0,0,0,0,0,0,0,0,0,0,0,0,0,0,0,2,5.60829833798417e-17,5.16198890781089e-20,0,1,9e-04,0,630.031607813056,359285.748976737,0,12.6006321562611,7185.71497953473,0,1,213.952739204963,0,25677.2107544114,0,1,0,522.15,0,274.404631629392,0,4,2017.02486965873,128499.669362989,934.138148003524,166.102932881612,0,0,46569.2833551943,3600021.92260341,54652.3413952685,29574.1092661917,0,0,1,77.3046451057716,1.17357059112168,0.63505613862733,0,0,289.15,347.15,388.15,519.15,0,0,2188.42449571189,127698.321613539,845.830766009402,375.73713016915,0,0,0,0,0,0,0,553.914049836723,24238994.9777298,44963.3009958344,33.5587680701567,536.15,526.814446223359,0,0,0,0,0,0,0.66
"15","Record_1...15","S2",1,458.190554654489,86578751.5146895,33829.6008012906,1,556.15,473.939458450324,1,3.51621115754052e-19,0,0,1,0,0,1958.22933616049,0,0,39.1645867232098,0,0,0,0,0,0,0,0,2,5.11188348940705e-17,5.74625310766596e-20,0,1,0.0011,0,627.37816872908,260340.540521226,0,12.5475633745816,5206.81081042453,0,1,208.288555052645,0,26755.854292222,0,1,0,524.15,0,277.880358416207,0,4,298.764427071278,123491.349147011,828.542405959931,263.267152940039,0,0,32196.0707602635,3473560.22664052,39126.3681714786,37685.2793565464,0,0,1,107.887706313765,1.2152528941441,1.1704931212618,0,0,348.15,390.15,450.15,519.15,0,0,122816.657600967,933.001822097162,227.601968451623,363.103810793389,0,0,0,0,0,0,0,0,0,0,0,0,0,0,0,0,0,0,0,0.66
"16","Record_1...16","S2",1,1223.66390657573,15686538.8791436,89599.4453646728,1,561.15,1233.957356135,0,0,0,0,0,0,0,0,0,0,0,0,0,0,0,0,0,0,0,2,4.18283048515194e-17,4.73284533203643e-20,0,1,0.0011,0,1569.4994086169,881270.051349955,0,31.3899881723381,17625.4010269991,0,1,412.782963535738,0,16353.8218791444,0,1,0,523.15,0,685.831530682897,0,4,320494.498490761,2597.15011128771,369.262296515652,822.820635438625,0,0,9063529.4878332,129923.371724712,15674.8431396433,53451.9080358601,0,0,1,0.014334743644749,0.00172944140146342,0.00589747163151103,0,0,347.15,390.15,458.15,518.15,0,0,317679.430401328,2393.330162413,459.563368587381,940.870818479597,0,0,0,0,0,0,0,0,0,0,0,0,0,0,0,0,0,0,0,0.66
"17","Record_1...17","S2",2,19.6833704775788,2614.75602549261,1682.16877430382,1,286.15,20.9426477724029,2,1.28302494545901e-17,1.39271414163455e-19,0,1,0.0109,0,153.201340340662,4790.82504942124,0,3.06402680681324,95.8165009884248,0,0,0,0,0,0,0,2,3.77838647028671e-17,5.41668089339753e-20,0,1,0.0014,0,1601.81834915155,642703.519495175,0,32.036366983031,12854.0703899035,0,2,346.866996224348,341.661854396142,16282.0757131858,30793.8220844234,1,1.89127127442882,524.15,574.15,465.959240499668,359.974298916282,6,4629.71806084852,283782.655759535,2284.57648505101,426.20784641119,487.351045805403,385.589221207809,101092.189472914,7990620.56007537,125579.00032171,31083.5153201401,21251.1917350753,37546.8080009444,1,79.0429072882664,1.24222257897933,0.307476922620897,0.210215960756981,0.371411562027792,289.15,347.15,391.15,441.15,518.15,572.15,4919.7078726566,281952.886464345,2232.53500465402,425.337305725408,656.398342011709,409.395106861231,0,0,0,0,0,939.657703565599,16325710.247929,72753.634003932,43.2499016241945,564.15,976.307337845697,0,0,0,0,0,0,0.66
"18","Record_1...18","S2",1,816.465869168512,5415492.57434541,59574.4486290434,1,561.15,850.819725444717,2,2.18343880602329e-17,3.99413117241721e-19,0,1,0.0183,0,1176.02855895059,3274.93859583513,0,23.5205711790117,65.4987719167027,0,0,0,0,0,0,0,2,2.94770425650789e-17,6.87359253661393e-20,0,1,0.0023,0,3163.02232642959,442540.859775386,0,63.2604465285919,8850.81719550771,0,2,404.680350408427,294.253584328694,20287.192290007,19821.9053631904,1,0.977064991539229,522.15,574.15,471.652532347059,319.951646741379,4,212864.791171383,2079.03382042028,204.799346187594,789.778475388864,0,0,5934236.19136754,212020.030178332,6807.52549029706,75463.2095255915,0,0,1,0.035728276283771,0.00114716119661699,0.0127165834139475,0,0,347.15,391.15,451.15,517.15,0,0,212745.259384268,1662.51902776137,616.961648943999,945.856745352445,0,0,0,0,0,0,0,0,0,0,0,0,0,0,0,0,0,0,0,0.66
"19","Record_1...19","S2",1,635.286107652296,2498156.58282936,50934.1202467368,1,572.15,647.266764756558,3,1.44009554649461e-17,1.45339249169841e-18,2.98415749109758e-20,1,0.1009,0.0021,41.2530802330181,260.959993995432,16540.088917284,0.825061604660363,5.21919987990864,330.801778345681,0,0,0,0,0,0,3,6.88889424746484e-17,9.15909885859003e-18,3.93952978935198e-20,1,0.133,6e-04,518.758177646029,615.619036379151,488567.348228189,10.3751635529206,12.312380727583,9771.34696456379,2,249.770472582997,282.939896102205,12047.5125181923,25380.8069992959,1,2.10672592877324,530.15,577.15,354.884689470465,286.721018904091,5,1815.40434010024,141240.804907864,90.299328233402,295.857109338823,284.600328315866,0,196369.516546796,4047670.5168647,1772.33825326825,12403.6953733794,25559.9451708615,0,1,20.6125196417649,0.00902552638737027,0.0631650756772297,0.130162489679351,0,351.15,396.15,469.15,528.15,576.15,0,141714.311435419,984.349256501535,248.872059886983,450.703266205229,317.377929240758,0,0,0,0,0,0,0,0,0,0,0,0,0,0,0,0,0,0,0.66
"20","Record_1...20","S2",1,793.639068870328,10991645.8706111,58226.5613496122,1,562.15,810.111589441437,0,0,0,0,0,0,0,0,0,0,0,0,0,0,0,0,0,0,0,3,8.12213803610661e-17,1.06325105902333e-17,4.56024451701725e-20,1,0.1309,6e-04,1429.01068192536,477.137097214596,479399.392640856,28.5802136385071,9.54274194429192,9587.98785281712,2,354.642626549507,259.578270716504,16382.9053428291,17486.3021339456,1,1.06735049541133,523.15,570.15,435.619595686906,291.941896776344,3,2045.02130603553,176357.503046919,466.887514328081,0,0,0,217360.147743114,4946636.18035534,47380.6143009299,0,0,0,1,22.7577880845089,0.217982067057326,0,0,0,348.15,386.15,519.15,0,0,0,176399.942509097,1106.74322831531,603.18197745514,0,0,0,0,0,0,0,0,0,0,0,0,0,0,0,0,0,0,0,0,0.66
"21","Record_1...21","Mixed",1,983.178932644626,34363092.4954121,97671.7475263492,1,569.15,1047.2096483926,3,5.25296414293683e-17,7.09237953016665e-18,2.82846360456526e-19,1,0.135,0.0054,634.835204625068,1542.39569241227,8471.57369404153,12.6967040925014,30.8479138482453,169.431473880831,0,0,0,0,0,0,3,7.16244634449808e-17,1.24588409627734e-17,8.86764165298985e-20,1,0.1739,0.0012,4622.3000742918,785.420658658653,88527.4480250778,92.446001485836,15.7084131731731,1770.54896050156,1,176.633169178927,0,19700.5766524814,0,1,0,529.15,0,231.898926952788,0,5,772.352229532376,44504.9112587022,600.986427797028,148.723165322921,295.761326441288,0,21905.6020245968,1283884.89562145,32503.9469826346,5298.75963494447,44557.8312968716,0,1,58.6098886567842,1.4838189311637,0.24189061907519,2.03408384973121,0,288.15,349.15,393.15,459.15,528.15,0,832.373206131106,44251.4919865944,589.0248525341,257.231315927596,345.234006669547,0,0,0,0,0,0,0,0,0,0,0,0,0,0,0,0,0,0,NA
"22","Record_1...22","Mixed",1,1105.17952513245,5661109.06482526,117107.823207565,1,566.15,1082.94430172713,2,4.82489165686639e-17,2.15643351283232e-19,0,1,0.0045,0,890.996047984177,12509.0280272839,0,17.8199209596835,250.180560545678,0,0,0,0,0,0,0,3,7.0008484840209e-17,2.37509153743243e-17,1.28155983733491e-19,1,0.3393,0.0018,15632.4933514097,4812.22725484846,115375.099044774,312.649867028195,96.2445450969691,2307.50198089548,1,260.543786976108,0,38526.9944325929,0,1,0,525.15,0,359.036881950703,0,5,1426.92556358939,80117.8688848892,1506.79688023518,485.333045873724,358.986618918705,0,36903.2018631198,2294334.28145312,80219.819345859,22323.5253910272,19935.7886779439,0,1,62.1716860765413,2.17379022133114,0.6049210980074,0.540218400340684,0,287.15,348.15,391.15,455.15,521.15,0,1536.48057466279,79638.5487667075,1358.4592436066,566.838083023538,531.720060686529,0,0,0,0,0,0,0,0,0,0,0,0,0,0,0,0,0,0,NA
"23","Record_1...23","Mixed",1,945.900106674663,4599691.54468077,101451.63189856,1,563.15,971.596588404017,3,6.88018414609457e-17,8.46023936495072e-18,1.92439234365328e-19,1,0.123,0.0028,1429.13099979785,648.018574713526,8356.92376169847,28.5826199959569,12.9603714942705,167.138475233969,0,0,0,0,0,0,3,7.44127594622963e-17,1.2982320682917e-17,7.70466747415921e-20,1,0.1745,0.001,6552.16101317211,1120.43179381872,160275.195727424,131.043220263442,22.4086358763744,3205.50391454849,2,169.746467015735,140.565744660589,8718.77077622924,12741.4089848412,1,1.46137675962066,519.15,573.15,226.860899531067,179.802859830801,5,1152.21087636251,67100.1431104299,1285.62666933007,334.820518622537,279.595290406976,0,28712.5051362196,1890598.03203613,63618.0513167907,15016.4522329372,47703.948838614,0,1,65.8458056190721,2.21569142138487,0.522993453956569,1.66143457745306,0,289.15,347.15,389.15,451.15,518.15,0,1245.09728204234,66813.7006724821,1285.02903529607,469.897920967153,322.58978497039,0,0,0,0,0,0,0,0,0,0,0,0,0,0,0,0,0,0,NA
"24","Record_1...24","Mixed",1,968.949538238902,267098913.341277,78656.8492291573,1,560.15,1040.72637508268,2,4.83176389612135e-17,3.92950184213558e-19,0,1,0.0081,0,1191.63297465879,5145.44765415574,0,23.8326594931758,102.908953083115,0,0,0,0,0,0,0,3,7.05693639404851e-17,1.90166533498632e-17,8.19822771359444e-20,1,0.2695,0.0012,13443.500079622,1966.01266728049,155714.472518456,268.87000159244,39.3202533456098,3114.28945036912,3,25.2791910561958,185.557908845176,1158.62567541974,8884.16777777979,1,7.66784990722846,279.15,524.15,20.2511040146858,294.852211460343,5,1599.00376272628,96982.2162489262,936.511778646645,270.891092169836,408.561999713802,0,35512.0834083712,2733637.04463851,60754.4952921661,12023.209380915,59185.0178169743,0,1,76.9776589338069,1.7108119113576,0.338566713832418,1.66661632144688,0,288.15,347.15,391.15,441.15,523.15,0,1682.11915250876,96483.0031771716,929.308105214722,372.520012325365,476.112929004826,0,168.67156143612,21419.2998386639,18.4868161418088,676.15,43.8884631133025,0,0,0,0,0,0,0,0,0,0,0,0,NA
"25","Record_1...25","Mixed",1,1370.61869953808,6336798.71350097,145627.42533055,1,563.15,1456.18439050963,3,6.76392905532837e-17,5.30016713478908e-18,2.92908410332698e-19,1,0.0784,0.0043,2304.25609125019,5865.39722923749,20218.4216110347,46.0851218250039,117.30794458475,404.368432220694,0,0,0,0,0,0,3,7.44683268005821e-17,7.5594869814045e-18,1.11088238787266e-19,1,0.1015,0.0015,14124.1222764354,5760.5249741846,149463.499137089,282.482445528708,115.210499483692,2989.26998274179,2,164.734577653159,215.473524982641,6011.96327073508,32957.805152268,1,5.48203700988982,519.15,567.15,321.386452581326,227.598917571497,5,1630.18596053005,10249.8681550114,80815.8477774585,1688.31310583034,513.845397007545,0,37778.4414968428,413513.871625024,2159243.61223838,62984.8980126787,24586.3687933641,0,1,10.9457631188831,57.1554443933012,1.66721800892561,0.650804210528876,0,288.15,347.15,387.15,455.15,517.15,0,1703.23931855241,88441.067078976,2084.21554170544,680.87458403667,486.551979194892,0,0,0,0,0,0,0,0,0,0,0,0,0,0,0,0,0,0,NA
"26","Record_1...26","Mixed",1,1022.83152216671,44270413.8193776,87108.157786566,1,562.15,1094.08454896723,3,6.4839356846616e-17,1.14235294721036e-17,2.25057935207623e-19,1,0.1762,0.0035,2132.47375501412,692.564933068511,7260.42092420161,42.6494751002824,13.8512986613702,145.208418484032,1,31.1061501825671,4801.71378947227,1,717.15,55.6060540823861,3,7.09319206575103e-17,1.1083060731683e-17,8.42860964801672e-20,1,0.1562,0.0012,6378.97393197397,1372.13449222689,162325.083696169,127.579478639479,27.4426898445377,3246.50167392338,1,246.05285857749,0,34839.5861682233,0,1,0,524.15,0,325.063585990386,0,5,1502.99608695309,93206.046244475,1121.67934296528,289.054764810279,408.455870104295,0,31309.4612898001,2624864.16873125,73472.6538097754,12820.5916305651,59059.6664936006,0,1,83.8361332517202,2.34665978854485,0.409479789891555,1.88632011093851,0,288.15,347.15,389.15,446.15,518.15,0,1637.81119489962,92950.332222899,1062.46688844337,408.235278589598,497.95046428129,0,0,0,0,0,0,0,0,0,0,0,0,0,0,0,0,0,0,NA
"27","Record_1...27","Mixed",1,951.046857313616,4076906.37622951,98394.780699303,1,563.15,1045.04914454629,3,6.41513699253181e-17,7.69683223311161e-18,2.73950193053436e-19,1,0.12,0.0043,4659.8230702869,2681.96948512827,23958.5834695629,93.1964614057379,53.6393897025654,479.171669391258,0,0,0,0,0,0,2,6.67353735336543e-17,1.21845897995634e-19,0,1,0.0018,0,13115.3625649287,138900.826703751,0,262.307251298574,2778.01653407503,0,1,242.931458851795,0,34128.7888788833,0,1,0,520.15,0,289.573929445138,0,5,1938.55620641005,114655.099583227,1692.79021982396,464.348509183283,450.613846147367,0,46291.522840747,3234149.69581404,101217.31976878,16868.4740831784,56860.0008770897,0,1,69.8648369581666,2.18651955168962,0.364396611906885,1.22830266510567,0,289.15,347.15,393.15,456.15,518.15,0,2072.17338803971,113875.112031483,1706.79606399622,686.753149735928,505.064451226466,0,0,0,0,0,0,0,0,0,0,0,0,0,0,0,0,0,0,NA
"28","Record_1...28","Mixed",1,1109.07657554259,77743750.7557849,105269.910883594,1,565.15,1157.52179435256,3,7.49573188216437e-17,1.1754827988467e-17,2.62923944890784e-19,1,0.1568,0.0035,2693.71251001501,703.492648749705,11067.8784547466,53.8742502003002,14.0698529749941,221.357569094933,0,0,0,0,0,0,1,6.31271954086986e-17,0,0,1,0,0,26138.8486386478,0,0,522.776972772955,0,0,2,183.325073798936,57.3374338165774,8181.03666170855,12009.0414406878,1,1.4679119453035,516.15,566.15,259.697381833626,206.775336380979,5,1602.6854987635,91148.3049249454,2124.23038417309,1690.74237166936,384.665649292431,0,35956.2326062146,2570886.98320696,98612.6977483017,89690.8515593968,52373.8449859001,0,1,71.5004547712991,2.74257592079482,2.49444519234462,1.45659990465319,0,287.15,347.15,391.15,443.15,517.15,0,1696.67691564124,90872.1744423316,2247.23651679803,1771.46509921181,440.601552979573,0,0,0,0,0,0,0,0,0,0,0,0,0,0,0,0,0,0,NA
"29","Record_1...29","Mixed",1,1040.22165794901,107779960.789113,87156.1898416067,1,564.15,1137.65718635176,3,6.66357668986812e-17,5.85989757314438e-18,1.71242218977518e-19,1,0.0879,0.0026,1852.67281676011,411.744785763083,7667.29499926538,37.0534563352021,8.23489571526165,153.345899985308,0,0,0,0,0,0,3,8.23813081144393e-17,3.74012482765829e-17,7.77559421655496e-20,1,0.454,9e-04,11898.6010540299,2737.53138698781,144121.707156073,237.972021080598,54.7506277397563,2882.43414312146,2,103.219721430219,205.485701790721,3411.74813413208,29147.8969634453,1,8.54339060724959,524.15,572.15,255.816671588411,215.69159431879,5,1310.13545792684,81400.5074565644,795.318579046519,246.244612671258,336.833966160676,0,30090.4198647589,2292606.99097279,58306.5961441756,11895.082366108,47713.2314533536,0,1,76.190594922799,1.93771294671972,0.395311279123732,1.58566187071501,0,290.15,347.15,387.15,446.15,522.15,0,1445.1398259246,81139.1004438226,744.863159754999,326.035017994014,381.027094068669,0,0,0,0,0,0,0,0,0,0,0,0,0,0,0,0,0,0,NA
"30","Record_1...30","Mixed",1,459.505487741006,40671527.9933555,39596.1637505948,1,561.15,516.638565178988,3,7.48713257031221e-17,7.4693207884156e-18,9.75398925295021e-20,1,0.0998,0.0013,366.490820156486,113.892370917769,4908.7311122873,7.32981640312971,2.27784741835538,98.1746222457459,0,0,0,0,0,0,3,9.45254015212326e-17,4.19237237499932e-17,1.10686996582493e-19,1,0.4435,0.0012,13560.9233911794,3918.65499139486,37272.8342064553,271.218467823588,78.3730998278973,745.456684129106,2,56.2250945404986,62.371810827867,2329.21614976525,12255.1288084352,1,5.26148198382976,520.15,658.15,112.814902534497,30.575004149215,5,367.223627060643,19789.150452131,521.342364485712,154.464271397471,166.082919393094,0,7931.95416034022,558026.98757622,29527.415717465,8036.34407935275,22178.3823441277,0,1,70.3517665755503,3.72259031262461,1.01316068107585,2.79608049867706,0,290.15,347.15,391.15,440.15,521.15,0,393.039533476476,19840.3976982763,514.62802270096,182.108393413546,189.001308109021,0,0,0,0,0,0,0,0,0,0,0,0,0,0,0,0,0,0,NA
